annotator,reference,comparison_label,lang,sample_id,status,table_iaa,table_iaa_ci,node_precision,node_recall,node_iaa,node_tp,annotation_node_count,reference_node_count,node_precision_ci,node_recall_ci,node_iaa_ci,node_tp_ci,node_path_precision,node_path_recall,node_path_iaa,node_path_tp,annotation_path_node_count,reference_path_node_count,node_path_iaa_ci,annotation_path,reference_path
annotator_A,annotator_C,annotator_A__vs__annotator_C,en,181,ok,0.000000,0.000000,0.695652,0.727273,0.711111,16,23,22,0.695652,0.727273,0.711111,16,0.086957,0.090909,0.088889,2,23,22,0.088889,IAA/stage3/annotator_A/en/181.json,workflow/1-annotated_json/data_en/181.json
annotator_A,annotator_C,annotator_A__vs__annotator_C,en,185,ok,0.000000,0.000000,0.647059,0.785714,0.709677,11,17,14,0.647059,0.785714,0.709677,11,0.647059,0.785714,0.709677,11,17,14,0.709677,IAA/stage3/annotator_A/en/185.json,workflow/1-annotated_json/data_en/185.json
annotator_A,annotator_C,annotator_A__vs__annotator_C,en,187,ok,0.000000,0.000000,0.866667,0.500000,0.634146,13,15,26,0.866667,0.500000,0.634146,13,0.666667,0.384615,0.487805,10,15,26,0.487805,IAA/stage3/annotator_A/en/187.JSON,workflow/1-annotated_json/data_en/187.json
annotator_A,annotator_C,annotator_A__vs__annotator_C,en,190,ok,0.000000,0.000000,0.714286,0.600000,0.652174,15,21,25,0.714286,0.600000,0.652174,15,0.714286,0.600000,0.652174,15,21,25,0.652174,IAA/stage3/annotator_A/en/190.JSON,workflow/1-annotated_json/data_en/190.json
annotator_A,annotator_C,annotator_A__vs__annotator_C,en,193,ok,1.000000,1.000000,1.000000,1.000000,1.000000,35,35,35,1.000000,1.000000,1.000000,35,1.000000,1.000000,1.000000,35,35,35,1.000000,IAA/stage3/annotator_A/en/193.json,workflow/1-annotated_json/data_en/193.json
annotator_A,annotator_C,annotator_A__vs__annotator_C,en,201,ok,0.000000,0.000000,0.750000,0.750000,0.750000,9,12,12,0.750000,0.750000,0.750000,9,0.666667,0.666667,0.666667,8,12,12,0.666667,IAA/stage3/annotator_A/en/201.json,workflow/1-annotated_json/data_en/201.json
annotator_A,annotator_C,annotator_A__vs__annotator_C,en,205,ok,0.000000,0.000000,0.863636,0.904762,0.883721,19,22,21,0.863636,0.904762,0.883721,19,0.454545,0.476190,0.465116,10,22,21,0.465116,IAA/stage3/annotator_A/en/205.JSON,workflow/1-annotated_json/data_en/205.json
annotator_A,annotator_C,annotator_A__vs__annotator_C,en,209,ok,0.000000,0.000000,1.000000,1.000000,1.000000,13,13,13,1.000000,1.000000,1.000000,13,0.538462,0.538462,0.538462,7,13,13,0.538462,IAA/stage3/annotator_A/en/209.json,workflow/1-annotated_json/data_en/209.json
annotator_A,annotator_C,annotator_A__vs__annotator_C,en,292,ok,0.000000,0.000000,1.000000,1.000000,1.000000,21,21,21,1.000000,1.000000,1.000000,21,0.857143,0.857143,0.857143,18,21,21,0.857143,IAA/stage3/annotator_A/en/292.json,workflow/1-annotated_json/data_en/292.json
annotator_A,annotator_C,annotator_A__vs__annotator_C,en,296,ok,0.000000,0.000000,0.707692,0.807018,0.754098,46,65,57,0.707692,0.807018,0.754098,46,0.030769,0.035088,0.032787,2,65,57,0.032787,IAA/stage3/annotator_A/en/296.JSON,workflow/1-annotated_json/data_en/296.json
annotator_A,annotator_C,annotator_A__vs__annotator_C,en,297,ok,0.000000,0.000000,0.885714,0.911765,0.898551,31,35,34,0.885714,0.911765,0.898551,31,0.028571,0.029412,0.028986,1,35,34,0.028986,IAA/stage3/annotator_A/en/297.json,workflow/1-annotated_json/data_en/297.json
annotator_A,annotator_C,annotator_A__vs__annotator_C,en,303,ok,1.000000,1.000000,1.000000,1.000000,1.000000,13,13,13,1.000000,1.000000,1.000000,13,1.000000,1.000000,1.000000,13,13,13,1.000000,IAA/stage3/annotator_A/en/303.json,workflow/1-annotated_json/data_en/303.json
annotator_A,annotator_C,annotator_A__vs__annotator_C,en,314,ok,0.000000,0.000000,0.945946,0.945946,0.945946,35,37,37,0.945946,0.945946,0.945946,35,0.405405,0.405405,0.405405,15,37,37,0.405405,IAA/stage3/annotator_A/en/314.json,workflow/1-annotated_json/data_en/314.json
annotator_A,annotator_C,annotator_A__vs__annotator_C,en,316,ok,1.000000,1.000000,1.000000,1.000000,1.000000,22,22,22,1.000000,1.000000,1.000000,22,1.000000,1.000000,1.000000,22,22,22,1.000000,IAA/stage3/annotator_A/en/316.json,workflow/1-annotated_json/data_en/316.json
annotator_A,annotator_D,annotator_A__vs__annotator_D,en,404,ok,1.000000,1.000000,1.000000,1.000000,1.000000,33,33,33,1.000000,1.000000,1.000000,33,1.000000,1.000000,1.000000,33,33,33,1.000000,IAA/stage3/annotator_A/en/404.json,workflow/1-annotated_json/data_en/404.json
annotator_C,annotator_D,annotator_C__vs__annotator_D,en,52,ok,0.000000,0.000000,0.854839,0.913793,0.883333,53,62,58,0.854839,0.913793,0.883333,53,0.403226,0.431034,0.416667,25,62,58,0.416667,IAA/stage3/annotator_C/en/52.json,workflow/1-annotated_json/data_en/52.json
annotator_C,annotator_D,annotator_C__vs__annotator_D,en,56,ok,0.000000,0.000000,0.931373,0.959596,0.945274,95,102,99,0.931373,0.959596,0.945274,95,0.000000,0.000000,0.000000,0,102,99,0.000000,IAA/stage3/annotator_C/en/56.json,workflow/1-annotated_json/data_en/56.json
annotator_C,annotator_D,annotator_C__vs__annotator_D,en,57,ok,1.000000,1.000000,1.000000,1.000000,1.000000,18,18,18,1.000000,1.000000,1.000000,18,1.000000,1.000000,1.000000,18,18,18,1.000000,IAA/stage3/annotator_C/en/57.json,workflow/1-annotated_json/data_en/57.json
annotator_C,annotator_A,annotator_C__vs__annotator_A,en,88,ok,0.000000,0.000000,1.000000,0.990291,0.995122,102,102,103,1.000000,0.990291,0.995122,102,1.000000,0.990291,0.995122,102,102,103,0.995122,IAA/stage3/annotator_C/en/88.json,workflow/1-annotated_json/data_en/88.json
annotator_C,annotator_A,annotator_C__vs__annotator_A,en,96,ok,1.000000,1.000000,1.000000,1.000000,1.000000,13,13,13,1.000000,1.000000,1.000000,13,1.000000,1.000000,1.000000,13,13,13,1.000000,IAA/stage3/annotator_C/en/96.json,workflow/1-annotated_json/data_en/96.json
annotator_C,annotator_A,annotator_C__vs__annotator_A,en,99,ok,0.000000,0.000000,0.230769,0.214286,0.222222,3,13,14,0.230769,0.214286,0.222222,3,0.230769,0.214286,0.222222,3,13,14,0.222222,IAA/stage3/annotator_C/en/99.json,workflow/1-annotated_json/data_en/99.json
annotator_C,annotator_A,annotator_C__vs__annotator_A,en,131,ok,0.000000,0.000000,0.740741,0.689655,0.714286,20,27,29,0.740741,0.689655,0.714286,20,0.000000,0.000000,0.000000,0,27,29,0.000000,IAA/stage3/annotator_C/en/131.json,workflow/1-annotated_json/data_en/131.json
annotator_C,annotator_A,annotator_C__vs__annotator_A,en,148,ok,0.000000,0.000000,0.640625,0.569444,0.602941,41,64,72,0.640625,0.569444,0.602941,41,0.015625,0.013889,0.014706,1,64,72,0.014706,IAA/stage3/annotator_C/en/148.json,workflow/1-annotated_json/data_en/148.json
annotator_C,annotator_A,annotator_C__vs__annotator_A,en,159,ok,1.000000,1.000000,1.000000,1.000000,1.000000,30,30,30,1.000000,1.000000,1.000000,30,1.000000,1.000000,1.000000,30,30,30,1.000000,IAA/stage3/annotator_C/en/159.json,workflow/1-annotated_json/data_en/159.json
annotator_C,annotator_A,annotator_C__vs__annotator_A,en,176,ok,0.000000,0.000000,0.878788,0.878788,0.878788,29,33,33,0.878788,0.878788,0.878788,29,0.606061,0.606061,0.606061,20,33,33,0.606061,IAA/stage3/annotator_C/en/176.json,workflow/1-annotated_json/data_en/176.json
annotator_C,annotator_D,annotator_C__vs__annotator_D,en,221,ok,0.000000,0.000000,0.361702,0.346939,0.354167,17,47,49,0.446809,0.428571,0.437500,21,0.021277,0.020408,0.020833,1,47,49,0.020833,IAA/stage3/annotator_C/en/221.JSON,workflow/1-annotated_json/data_en/221.json
annotator_C,annotator_D,annotator_C__vs__annotator_D,en,222,ok,0.000000,0.000000,0.622642,0.550000,0.584071,33,53,60,0.622642,0.550000,0.584071,33,0.018868,0.016667,0.017699,1,53,60,0.017699,IAA/stage3/annotator_C/en/222.json,workflow/1-annotated_json/data_en/222.json
annotator_C,annotator_D,annotator_C__vs__annotator_D,en,233,ok,0.000000,0.000000,0.222222,0.210526,0.216216,4,18,19,0.222222,0.210526,0.216216,4,0.111111,0.105263,0.108108,2,18,19,0.108108,IAA/stage3/annotator_C/en/233.JSON,workflow/1-annotated_json/data_en/233.json
annotator_C,annotator_D,annotator_C__vs__annotator_D,en,247,ok,0.000000,0.000000,0.744898,0.474026,0.579365,73,98,154,0.744898,0.474026,0.579365,73,0.051020,0.032468,0.039683,5,98,154,0.039683,IAA/stage3/annotator_C/en/247.json,workflow/1-annotated_json/data_en/247.json
annotator_C,annotator_A,annotator_C__vs__annotator_A,en,259,ok,0.000000,0.000000,0.980000,0.980000,0.980000,49,50,50,0.980000,0.980000,0.980000,49,0.840000,0.840000,0.840000,42,50,50,0.840000,IAA/stage3/annotator_C/en/259.json,workflow/1-annotated_json/data_en/259.json
annotator_D,annotator_E,annotator_D__vs__annotator_E,en,18,ok,0.000000,0.000000,0.883721,0.883721,0.883721,38,43,43,0.883721,0.883721,0.883721,38,0.488372,0.488372,0.488372,21,43,43,0.488372,IAA/stage3/annotator_D/en/18.json,workflow/1-annotated_json/data_en/18.json
annotator_D,annotator_E,annotator_D__vs__annotator_E,en,20,ok,0.000000,0.000000,0.869565,1.000000,0.930233,20,23,20,0.869565,1.000000,0.930233,20,0.869565,1.000000,0.930233,20,23,20,0.930233,IAA/stage3/annotator_D/en/20.json,workflow/1-annotated_json/data_en/20.json
annotator_D,annotator_E,annotator_D__vs__annotator_E,en,23,ok,0.000000,0.000000,0.951923,0.942857,0.947368,99,104,105,0.951923,0.942857,0.947368,99,0.173077,0.171429,0.172249,18,104,105,0.172249,IAA/stage3/annotator_D/en/23.json,workflow/1-annotated_json/data_en/23.json
annotator_D,annotator_E,annotator_D__vs__annotator_E,en,36,ok,0.000000,0.000000,0.941860,0.920455,0.931034,81,86,88,0.941860,0.920455,0.931034,81,0.023256,0.022727,0.022989,2,86,88,0.022989,IAA/stage3/annotator_D/en/36.json,workflow/1-annotated_json/data_en/36.json
annotator_D,annotator_B,annotator_D__vs__annotator_B,en,267,ok,0.000000,0.000000,0.195122,0.444444,0.271186,8,41,18,0.219512,0.500000,0.305085,9,0.000000,0.000000,0.000000,0,41,18,0.000000,IAA/stage3/annotator_D/en/267.json,workflow/1-annotated_json/data_en/267.json
annotator_D,annotator_A,annotator_D__vs__annotator_A,en,345,ok,1.000000,1.000000,1.000000,1.000000,1.000000,145,145,145,1.000000,1.000000,1.000000,145,1.000000,1.000000,1.000000,145,145,145,1.000000,IAA/stage3/annotator_D/en/345.json,workflow/1-annotated_json/data_en/345.json
annotator_D,annotator_A,annotator_D__vs__annotator_A,en,348,ok,0.000000,0.000000,1.000000,0.933333,0.965517,14,14,15,1.000000,0.933333,0.965517,14,0.571429,0.533333,0.551724,8,14,15,0.551724,IAA/stage3/annotator_D/en/348.json,workflow/1-annotated_json/data_en/348.json
annotator_D,annotator_A,annotator_D__vs__annotator_A,en,349,ok,1.000000,1.000000,1.000000,1.000000,1.000000,8,8,8,1.000000,1.000000,1.000000,8,1.000000,1.000000,1.000000,8,8,8,1.000000,IAA/stage3/annotator_D/en/349.json,workflow/1-annotated_json/data_en/349.json
annotator_D,annotator_A,annotator_D__vs__annotator_A,en,351,ok,1.000000,1.000000,1.000000,1.000000,1.000000,24,24,24,1.000000,1.000000,1.000000,24,1.000000,1.000000,1.000000,24,24,24,1.000000,IAA/stage3/annotator_D/en/351.json,workflow/1-annotated_json/data_en/351.json
annotator_D,annotator_A,annotator_D__vs__annotator_A,en,352,ok,0.000000,0.000000,0.950000,0.974359,0.962025,76,80,78,0.950000,0.974359,0.962025,76,0.950000,0.974359,0.962025,76,80,78,0.962025,IAA/stage3/annotator_D/en/352.json,workflow/1-annotated_json/data_en/352.json
annotator_D,annotator_A,annotator_D__vs__annotator_A,en,355,ok,0.000000,0.000000,0.677419,0.807692,0.736842,21,31,26,0.677419,0.807692,0.736842,21,0.677419,0.807692,0.736842,21,31,26,0.736842,IAA/stage3/annotator_D/en/355.json,workflow/1-annotated_json/data_en/355.json
annotator_D,annotator_A,annotator_D__vs__annotator_A,en,356,ok,1.000000,1.000000,1.000000,1.000000,1.000000,22,22,22,1.000000,1.000000,1.000000,22,1.000000,1.000000,1.000000,22,22,22,1.000000,IAA/stage3/annotator_D/en/356.json,workflow/1-annotated_json/data_en/356.json
annotator_D,annotator_A,annotator_D__vs__annotator_A,en,357,ok,0.000000,0.000000,0.960000,0.979592,0.969697,48,50,49,0.960000,0.979592,0.969697,48,0.960000,0.979592,0.969697,48,50,49,0.969697,IAA/stage3/annotator_D/en/357.json,workflow/1-annotated_json/data_en/357.json
annotator_D,annotator_A,annotator_D__vs__annotator_A,en,358,ok,1.000000,1.000000,1.000000,1.000000,1.000000,93,93,93,1.000000,1.000000,1.000000,93,1.000000,1.000000,1.000000,93,93,93,1.000000,IAA/stage3/annotator_D/en/358.json,workflow/1-annotated_json/data_en/358.json
annotator_D,annotator_A,annotator_D__vs__annotator_A,en,359,ok,1.000000,1.000000,1.000000,1.000000,1.000000,24,24,24,1.000000,1.000000,1.000000,24,1.000000,1.000000,1.000000,24,24,24,1.000000,IAA/stage3/annotator_D/en/359.json,workflow/1-annotated_json/data_en/359.json
annotator_A,annotator_E,annotator_A__vs__annotator_E,zh,141,ok,0.000000,0.000000,1.000000,1.000000,1.000000,82,82,82,1.000000,1.000000,1.000000,82,1.000000,1.000000,1.000000,82,82,82,1.000000,IAA/stage3/annotator_A/zh/141.json,workflow/1-annotated_json/data_zh/141.json
annotator_A,annotator_E,annotator_A__vs__annotator_E,zh,148,ok,0.000000,0.000000,0.882353,0.882353,0.882353,15,17,17,0.882353,0.882353,0.882353,15,0.529412,0.529412,0.529412,9,17,17,0.529412,IAA/stage3/annotator_A/zh/148.json,workflow/1-annotated_json/data_zh/148.json
annotator_A,annotator_E,annotator_A__vs__annotator_E,zh,149,ok,0.000000,0.000000,0.500000,0.500000,0.500000,10,20,20,0.500000,0.500000,0.500000,10,0.500000,0.500000,0.500000,10,20,20,0.500000,IAA/stage3/annotator_A/zh/149.json,workflow/1-annotated_json/data_zh/149.json
annotator_A,annotator_E,annotator_A__vs__annotator_E,zh,174,ok,0.000000,0.000000,0.965116,0.954023,0.959538,83,86,87,0.965116,0.954023,0.959538,83,0.930233,0.919540,0.924855,80,86,87,0.924855,IAA/stage3/annotator_A/zh/174.json,workflow/1-annotated_json/data_zh/174.json
annotator_A,annotator_E,annotator_A__vs__annotator_E,zh,178,ok,0.000000,0.000000,0.890625,0.876923,0.883721,57,64,65,0.890625,0.876923,0.883721,57,0.015625,0.015385,0.015504,1,64,65,0.015504,IAA/stage3/annotator_A/zh/178.json,workflow/1-annotated_json/data_zh/178.json
annotator_A,annotator_E,annotator_A__vs__annotator_E,zh,182,ok,0.000000,0.000000,0.807692,0.724138,0.763636,21,26,29,0.807692,0.724138,0.763636,21,0.384615,0.344828,0.363636,10,26,29,0.363636,IAA/stage3/annotator_A/zh/182.json,workflow/1-annotated_json/data_zh/182.json
annotator_A,annotator_E,annotator_A__vs__annotator_E,zh,257,ok,0.000000,0.000000,0.625000,0.294118,0.400000,5,8,17,0.625000,0.294118,0.400000,5,0.625000,0.294118,0.400000,5,8,17,0.400000,IAA/stage3/annotator_A/zh/257.json,workflow/1-annotated_json/data_zh/257.json
annotator_A,annotator_E,annotator_A__vs__annotator_E,zh,303,ok,0.000000,0.000000,0.757576,0.757576,0.757576,25,33,33,0.757576,0.757576,0.757576,25,0.121212,0.121212,0.121212,4,33,33,0.121212,IAA/stage3/annotator_A/zh/303.json,workflow/1-annotated_json/data_zh/303.json
annotator_A,annotator_E,annotator_A__vs__annotator_E,zh,304,ok,0.000000,0.000000,0.425000,0.309091,0.357895,17,40,55,0.425000,0.309091,0.357895,17,0.000000,0.000000,0.000000,0,40,55,0.000000,IAA/stage3/annotator_A/zh/304.json,workflow/1-annotated_json/data_zh/304.json
annotator_A,annotator_E,annotator_A__vs__annotator_E,zh,316,ok,0.000000,0.000000,0.937500,0.909091,0.923077,30,32,33,0.937500,0.909091,0.923077,30,0.406250,0.393939,0.400000,13,32,33,0.400000,IAA/stage3/annotator_A/zh/316.JSON,workflow/1-annotated_json/data_zh/316.json
annotator_A,annotator_E,annotator_A__vs__annotator_E,zh,340,ok,0.000000,0.000000,0.683333,0.706897,0.694915,41,60,58,0.683333,0.706897,0.694915,41,0.016667,0.017241,0.016949,1,60,58,0.016949,IAA/stage3/annotator_A/zh/340.JSON,workflow/1-annotated_json/data_zh/340.json
annotator_A,annotator_E,annotator_A__vs__annotator_E,zh,341,ok,0.000000,0.000000,0.520000,0.565217,0.541667,13,25,23,0.520000,0.565217,0.541667,13,0.400000,0.434783,0.416667,10,25,23,0.416667,IAA/stage3/annotator_A/zh/341.JSON,workflow/1-annotated_json/data_zh/341.json
annotator_A,annotator_E,annotator_A__vs__annotator_E,zh,350,ok,0.000000,0.000000,0.434783,0.563380,0.490798,40,92,71,0.434783,0.563380,0.490798,40,0.000000,0.000000,0.000000,0,92,71,0.000000,IAA/stage3/annotator_A/zh/350.json,workflow/1-annotated_json/data_zh/350.json
annotator_A,annotator_E,annotator_A__vs__annotator_E,zh,361,ok,0.000000,0.000000,0.611940,0.561644,0.585714,41,67,73,0.611940,0.561644,0.585714,41,0.014925,0.013699,0.014286,1,67,73,0.014286,IAA/stage3/annotator_A/zh/361.json,workflow/1-annotated_json/data_zh/361.json
annotator_A,annotator_E,annotator_A__vs__annotator_E,zh,390,ok,0.000000,0.000000,0.533333,0.470588,0.500000,8,15,17,0.533333,0.470588,0.500000,8,0.533333,0.470588,0.500000,8,15,17,0.500000,IAA/stage3/annotator_A/zh/390.json,workflow/1-annotated_json/data_zh/390.json
annotator_C,annotator_E,annotator_C__vs__annotator_E,zh,1,ok,1.000000,1.000000,1.000000,1.000000,1.000000,37,37,37,1.000000,1.000000,1.000000,37,1.000000,1.000000,1.000000,37,37,37,1.000000,IAA/stage3/annotator_C/zh/1.json,workflow/1-annotated_json/data_zh/1.json
annotator_C,annotator_E,annotator_C__vs__annotator_E,zh,17,ok,0.000000,0.000000,0.880000,0.904110,0.891892,66,75,73,0.880000,0.904110,0.891892,66,0.160000,0.164384,0.162162,12,75,73,0.162162,IAA/stage3/annotator_C/zh/17.json,workflow/1-annotated_json/data_zh/17.json
annotator_C,annotator_E,annotator_C__vs__annotator_E,zh,22,ok,0.000000,0.000000,0.882883,0.890909,0.886878,98,111,110,0.882883,0.890909,0.886878,98,0.090090,0.090909,0.090498,10,111,110,0.090498,IAA/stage3/annotator_C/zh/22.json,workflow/1-annotated_json/data_zh/22.json
annotator_C,annotator_E,annotator_C__vs__annotator_E,zh,38,ok,0.000000,0.000000,0.583333,0.560000,0.571429,14,24,25,0.583333,0.560000,0.571429,14,0.083333,0.080000,0.081633,2,24,25,0.081633,IAA/stage3/annotator_C/zh/38.json,workflow/1-annotated_json/data_zh/38.json
annotator_C,annotator_E,annotator_C__vs__annotator_E,zh,56,ok,0.000000,0.000000,0.346154,0.274809,0.306383,36,104,131,0.346154,0.274809,0.306383,36,0.019231,0.015267,0.017021,2,104,131,0.017021,IAA/stage3/annotator_C/zh/56.json,workflow/1-annotated_json/data_zh/56.json
annotator_C,annotator_E,annotator_C__vs__annotator_E,zh,97,ok,0.000000,0.000000,0.774194,0.705882,0.738462,24,31,34,0.774194,0.705882,0.738462,24,0.580645,0.529412,0.553846,18,31,34,0.553846,IAA/stage3/annotator_C/zh/97.json,workflow/1-annotated_json/data_zh/97.json
annotator_C,annotator_E,annotator_C__vs__annotator_E,zh,111,ok,0.000000,0.000000,0.750000,0.705882,0.727273,12,16,17,0.750000,0.705882,0.727273,12,0.750000,0.705882,0.727273,12,16,17,0.727273,IAA/stage3/annotator_C/zh/111.json,workflow/1-annotated_json/data_zh/111.json
annotator_C,annotator_E,annotator_C__vs__annotator_E,zh,129,ok,0.000000,0.000000,0.758621,0.785714,0.771930,22,29,28,0.758621,0.785714,0.771930,22,0.689655,0.714286,0.701754,20,29,28,0.701754,IAA/stage3/annotator_C/zh/129.json,workflow/1-annotated_json/data_zh/129.json
annotator_C,annotator_E,annotator_C__vs__annotator_E,zh,139,ok,0.000000,0.000000,1.000000,0.988372,0.994152,85,85,86,1.000000,0.988372,0.994152,85,0.011765,0.011628,0.011696,1,85,86,0.011696,IAA/stage3/annotator_C/zh/139.json,workflow/1-annotated_json/data_zh/139.json
annotator_C,annotator_E,annotator_C__vs__annotator_E,zh,165,ok,0.000000,0.000000,0.976744,0.976744,0.976744,42,43,43,0.976744,0.976744,0.976744,42,0.139535,0.139535,0.139535,6,43,43,0.139535,IAA/stage3/annotator_C/zh/165.json,workflow/1-annotated_json/data_zh/165.json
annotator_C,annotator_E,annotator_C__vs__annotator_E,zh,176,ok,0.000000,0.000000,1.000000,0.990099,0.995025,100,100,101,1.000000,0.990099,0.995025,100,0.010000,0.009901,0.009950,1,100,101,0.009950,IAA/stage3/annotator_C/zh/176.json,workflow/1-annotated_json/data_zh/176.json
annotator_C,annotator_E,annotator_C__vs__annotator_E,zh,189,ok,0.000000,0.000000,0.841270,0.815385,0.828125,53,63,65,0.841270,0.815385,0.828125,53,0.142857,0.138462,0.140625,9,63,65,0.140625,IAA/stage3/annotator_C/zh/189.json,workflow/1-annotated_json/data_zh/189.json
annotator_C,annotator_E,annotator_C__vs__annotator_E,zh,198,ok,0.000000,0.000000,0.950000,0.863636,0.904762,57,60,66,0.950000,0.863636,0.904762,57,0.883333,0.803030,0.841270,53,60,66,0.841270,IAA/stage3/annotator_C/zh/198.json,workflow/1-annotated_json/data_zh/198.json
annotator_C,annotator_E,annotator_C__vs__annotator_E,zh,207,ok,0.000000,0.000000,0.896552,0.912281,0.904348,52,58,57,0.896552,0.912281,0.904348,52,0.189655,0.192982,0.191304,11,58,57,0.191304,IAA/stage3/annotator_C/zh/207.json,workflow/1-annotated_json/data_zh/207.json
annotator_C,annotator_E,annotator_C__vs__annotator_E,zh,233,ok,0.000000,0.000000,0.983607,0.983607,0.983607,60,61,61,0.983607,0.983607,0.983607,60,0.131148,0.131148,0.131148,8,61,61,0.131148,IAA/stage3/annotator_C/zh/233.json,workflow/1-annotated_json/data_zh/233.json
annotator_D,annotator_E,annotator_D__vs__annotator_E,zh,181,ok,1.000000,1.000000,1.000000,1.000000,1.000000,45,45,45,1.000000,1.000000,1.000000,45,1.000000,1.000000,1.000000,45,45,45,1.000000,IAA/stage3/annotator_D/zh/181.json,workflow/1-annotated_json/data_zh/181.json
annotator_D,annotator_E,annotator_D__vs__annotator_E,zh,182,ok,0.000000,0.000000,0.962963,0.896552,0.928571,26,27,29,0.962963,0.896552,0.928571,26,0.185185,0.172414,0.178571,5,27,29,0.178571,IAA/stage3/annotator_D/zh/182.json,workflow/1-annotated_json/data_zh/182.json
annotator_D,annotator_E,annotator_D__vs__annotator_E,zh,183,ok,0.000000,0.000000,0.976744,0.976744,0.976744,42,43,43,0.976744,0.976744,0.976744,42,0.976744,0.976744,0.976744,42,43,43,0.976744,IAA/stage3/annotator_D/zh/183.json,workflow/1-annotated_json/data_zh/183.json
annotator_D,annotator_E,annotator_D__vs__annotator_E,zh,184,ok,1.000000,1.000000,1.000000,1.000000,1.000000,78,78,78,1.000000,1.000000,1.000000,78,1.000000,1.000000,1.000000,78,78,78,1.000000,IAA/stage3/annotator_D/zh/184.json,workflow/1-annotated_json/data_zh/184.json
annotator_D,annotator_E,annotator_D__vs__annotator_E,zh,185,ok,0.000000,0.000000,0.978261,0.978261,0.978261,45,46,46,0.978261,0.978261,0.978261,45,0.065217,0.065217,0.065217,3,46,46,0.065217,IAA/stage3/annotator_D/zh/185.json,workflow/1-annotated_json/data_zh/185.json
annotator_D,annotator_E,annotator_D__vs__annotator_E,zh,186,ok,1.000000,1.000000,1.000000,1.000000,1.000000,83,83,83,1.000000,1.000000,1.000000,83,1.000000,1.000000,1.000000,83,83,83,1.000000,IAA/stage3/annotator_D/zh/186.json,workflow/1-annotated_json/data_zh/186.json
annotator_D,annotator_E,annotator_D__vs__annotator_E,zh,188,ok,1.000000,1.000000,1.000000,1.000000,1.000000,31,31,31,1.000000,1.000000,1.000000,31,1.000000,1.000000,1.000000,31,31,31,1.000000,IAA/stage3/annotator_D/zh/188.json,workflow/1-annotated_json/data_zh/188.json
annotator_D,annotator_E,annotator_D__vs__annotator_E,zh,210,ok,0.000000,0.000000,1.000000,0.980952,0.990385,103,103,105,1.000000,0.980952,0.990385,103,1.000000,0.980952,0.990385,103,103,105,0.990385,IAA/stage3/annotator_D/zh/210.json,workflow/1-annotated_json/data_zh/210.json
annotator_D,annotator_E,annotator_D__vs__annotator_E,zh,322,ok,0.000000,0.000000,0.819277,0.931507,0.871795,68,83,73,0.819277,0.931507,0.871795,68,0.566265,0.643836,0.602564,47,83,73,0.602564,IAA/stage3/annotator_D/zh/322.json,workflow/1-annotated_json/data_zh/322.json
annotator_D,annotator_E,annotator_D__vs__annotator_E,zh,323,ok,0.000000,0.000000,1.000000,0.976190,0.987952,41,41,42,1.000000,0.976190,0.987952,41,0.756098,0.738095,0.746988,31,41,42,0.746988,IAA/stage3/annotator_D/zh/323.json,workflow/1-annotated_json/data_zh/323.json
annotator_D,annotator_E,annotator_D__vs__annotator_E,zh,325,ok,0.000000,0.000000,1.000000,0.975000,0.987342,39,39,40,1.000000,0.975000,0.987342,39,1.000000,0.975000,0.987342,39,39,40,0.987342,IAA/stage3/annotator_D/zh/325.json,workflow/1-annotated_json/data_zh/325.json
annotator_D,annotator_E,annotator_D__vs__annotator_E,zh,326,ok,0.000000,0.000000,0.986301,0.960000,0.972973,72,73,75,0.986301,0.960000,0.972973,72,0.739726,0.720000,0.729730,54,73,75,0.729730,IAA/stage3/annotator_D/zh/326.json,workflow/1-annotated_json/data_zh/326.json
annotator_D,annotator_E,annotator_D__vs__annotator_E,zh,367,ok,0.000000,0.000000,0.972603,0.972603,0.972603,71,73,73,0.972603,0.972603,0.972603,71,0.027397,0.027397,0.027397,2,73,73,0.027397,IAA/stage3/annotator_D/zh/367.json,workflow/1-annotated_json/data_zh/367.json
annotator_D,annotator_E,annotator_D__vs__annotator_E,zh,368,ok,1.000000,1.000000,1.000000,1.000000,1.000000,20,20,20,1.000000,1.000000,1.000000,20,1.000000,1.000000,1.000000,20,20,20,1.000000,IAA/stage3/annotator_D/zh/368.json,workflow/1-annotated_json/data_zh/368.json
annotator_D,annotator_E,annotator_D__vs__annotator_E,zh,372,ok,1.000000,1.000000,1.000000,1.000000,1.000000,28,28,28,1.000000,1.000000,1.000000,28,1.000000,1.000000,1.000000,28,28,28,1.000000,IAA/stage3/annotator_D/zh/372.json,workflow/1-annotated_json/data_zh/372.json
